{
	"info": {
		"_postman_id": "fb275c34-f4cd-4bf7-9829-9100ce024e6a",
		"name": "KPA Form API",
		"schema": "https://schema.getpostman.com/json/collection/v2.1.0/collection.json",
		"_exporter_id": "46750620",
		"_collection_link": "https://saswatika-9112103.postman.co/workspace/saswatika's-Workspace~bff1a87a-7525-4a06-8c76-36e0386a7244/collection/46750620-fb275c34-f4cd-4bf7-9829-9100ce024e6a?action=share&source=collection_link&creator=46750620"
	},
	"item": [
		{
			"name": "http://127.0.0.1:8000/form",
			"request": {
				"auth": {
					"type": "noauth"
				},
				"method": "POST",
				"header": [],
				"body": {
					"mode": "raw",
					"raw": "{\"name\":\"sas123\",\r\n\"phone\":\"9090901234\"\r\n}",
					"options": {
						"raw": {
							"language": "json"
						}
					}
				},
				"url": {
					"raw": "http://127.0.0.1:8000/form",
					"protocol": "http",
					"host": [
						"127",
						"0",
						"0",
						"1"
					],
					"port": "8000",
					"path": [
						"form"
					]
				}
			},
			"response": []
		},
		{
			"name": "http://127.0.0.1:8000/form/10",
			"request": {
				"auth": {
					"type": "noauth"
				},
				"method": "GET",
				"header": [],
				"url": {
					"raw": "http://127.0.0.1:8000/form/10",
					"protocol": "http",
					"host": [
						"127",
						"0",
						"0",
						"1"
					],
					"port": "8000",
					"path": [
						"form",
						"10"
					]
				}
			},
			"response": []
		}
	]
}